Sitio;Especie;PARCELA;INVENTARIO;TRATAMIENTO;Nac;Ndc;Ne;Superficie;Dgac;Dgdc;Dge;Doac;Dodc;Hgac;Hgdc;Hge;Hoac;Hodc;ABac;ABdc;ABe;ABT;Vac;Vdc;Ve;VT;Vmac;Vmdc;Vme;Wac;Wdc;We;Wac_b7_b27;Wdc_b7_b27;We_b7_b27;Wac_b2_n;Wdc_b2_n;We_b2_n;WacT;WdcT;WeT;Nn;Wac_s_7;Wdc_s_7;We_s_7;Wac_b2_7;Wdc_b2_7;We_b2_7
Lubia;Pinus pinaster;1;1;D;1278;823;456;0,079;21,485;23,083;18,248;29,486;29,486;10,801;11,163;10,149;11,886;11,886;46,351;34,433;11,918;46,351;232,655;175,596;57,060;232,655;0,182;0,213;0,125;8194,505;6189,858;2004,647;627,933;491,914;136,018;1627,407;1229,300;398,107;10449,844;7911,073;2538,772;NA;NA;NA;NA;NA;NA;NA
Lubia;Pinus pinaster;1;2;D;823;823;0;0,079;24,516;24,516;0,000;31,129;31,129;10,643;10,643;0,000;11,917;11,917;38,840;38,840;0,000;50,758;189,989;189,989;0,000;247,049;0,231;0,231;0,000;6808,659;6808,659;0,000;595,350;595,350;0,000;1414,128;1414,128;0,000;8818,138;8818,138;0,000;NA;NA;NA;NA;NA;NA;NA
Lubia;Pinus pinaster;1;3;D;823;823;0;0,079;26,072;26,072;0,000;33,157;33,157;11,133;11,133;0,000;13,314;13,314;43,927;43,927;0,000;55,845;225,376;225,376;0,000;282,436;0,274;0,274;0,000;8008,515;8008,515;0,000;721,943;721,943;0,000;1630,955;1630,955;0,000;10361,413;10361,413;0,000;NA;NA;NA;NA;NA;NA;NA
Lubia;Pinus pinaster;2;1;E;1294;576;718;0,085;19,737;22,468;17,233;28,643;28,643;9,468;9,907;9,116;10,571;10,571;39,595;22,856;16,738;39,595;179,147;105,904;73,243;179,147;0,138;0,184;0,102;6950,362;4123,523;2826,839;540,402;346,753;193,649;1465,697;873,777;591,919;8956,461;5344,054;3612,407;NA;NA;NA;NA;NA;NA;NA
Lubia;Pinus pinaster;2;2;E;576;576;0;0,085;24,019;24,019;0,000;30,238;30,238;10,474;10,474;0,000;11,950;11,950;26,121;26,121;0,000;42,859;127,562;127,562;0,000;200,805;0,221;0,221;0,000;4922,099;4922,099;0,000;426,785;426,785;0,000;1019,710;1019,710;0,000;6368,594;6368,594;0,000;NA;NA;NA;NA;NA;NA;NA
Lubia;Pinus pinaster;2;3;E;576;576;0;0,085;25,534;25,534;0,000;32,814;32,814;10,733;10,733;0,000;12,171;12,171;29,518;29,518;0,000;46,257;146,783;146,783;0,000;220,026;0,255;0,255;0,000;5670,661;5670,661;0,000;522,551;522,551;0,000;1177,960;1177,960;0,000;7371,172;7371,172;0,000;NA;NA;NA;NA;NA;NA;NA
Lubia;Pinus pinaster;3;1;A;1225;1225;0;0,080;19,060;19,060;0,000;28,100;28,100;10,048;10,048;0,000;10,978;10,978;34,953;34,953;0,000;34,953;166,816;166,816;0,000;166,816;0,136;0,136;0,000;5986,248;5986,248;0,000;446,144;446,144;0,000;1214,047;1214,047;0,000;7646,439;7646,439;0,000;NA;NA;NA;NA;NA;NA;NA
Lubia;Pinus pinaster;3;2;A;1225;1100;125;0,080;20,026;20,543;14,711;29,514;29,514;10,395;10,348;10,808;11,975;11,975;38,586;36,461;2,125;38,586;187,607;177,268;10,338;187,607;0,153;0,161;0,083;6727,162;6366,766;360,396;522,265;500,510;21,755;1362,478;1293,285;69,194;8611,905;8160,561;451,345;NA;NA;NA;NA;NA;NA;NA
Lubia;Pinus pinaster;3;3;A;1100;1062;38;0,080;21,620;21,894;11,383;31,200;31,200;11,165;11,164;11,172;12,187;12,187;40,384;40,002;0,382;42,508;207,597;205,699;1,899;217,936;0,189;0,194;0,050;7383,788;7319,945;63,843;590,444;587,712;2,732;1457,796;1446,530;11,266;9432,028;9354,187;77,842;NA;NA;NA;NA;NA;NA;NA
Lubia;Pinus pinaster;4;1;E;1421;724;697;0,076;19,880;22,011;17,394;28,957;28,957;9,591;9,941;9,228;11,771;11,771;44,108;27,538;16,570;44,108;200,148;127,882;72,266;200,148;0,141;0,177;0,104;6933,567;4430,879;2502,688;545,389;362,100;183,289;1465,663;933,434;532,230;8944,620;5726,413;3218,207;NA;NA;NA;NA;NA;NA;NA
Lubia;Pinus pinaster;4;2;E;724;724;0;0,076;23,487;23,487;0,000;30,129;30,129;11,579;11,579;0,000;12,629;12,629;31,354;31,354;0,000;47,924;165,660;165,660;0,000;237,926;0,229;0,229;0,000;5572,316;5572,316;0,000;443,700;443,700;0,000;1084,923;1084,923;0,000;7100,938;7100,938;0,000;NA;NA;NA;NA;NA;NA;NA
Lubia;Pinus pinaster;4;3;E;724;724;0;0,076;25,029;25,029;0,000;32,486;32,486;11,941;11,941;0,000;14,186;14,186;35,606;35,606;0,000;52,176;195,758;195,758;0,000;268,024;0,270;0,270;0,000;6552,175;6552,175;0,000;543,985;543,985;0,000;1258,428;1258,428;0,000;8354,588;8354,588;0,000;NA;NA;NA;NA;NA;NA;NA
Lubia;Pinus pinaster;5;1;D;1309;716;593;0,081;18,535;21,873;13,439;28,643;28,643;9,658;9,947;9,308;10,657;10,657;35,311;26,906;8,405;35,311;159,916;123,322;36,594;159,916;0,122;0,172;0,062;5893,156;4573,644;1319,512;459,685;382,593;77,092;1242,345;974,927;267,418;7595,186;5931,164;1664,022;NA;NA;NA;NA;NA;NA;NA
Lubia;Pinus pinaster;5;2;D;716;716;0;0,081;23,288;23,288;0,000;30,087;30,087;10,821;10,821;0,000;11,288;11,288;30,499;30,499;0,000;38,904;152,897;152,897;0,000;189,491;0,214;0,214;0,000;5566,821;5566,821;0,000;465,930;465,930;0,000;1127,527;1127,527;0,000;7160,278;7160,278;0,000;NA;NA;NA;NA;NA;NA;NA
Lubia;Pinus pinaster;5;3;D;716;716;0;0,081;24,705;24,705;0,000;32,429;32,429;11,449;11,449;0,000;11,891;11,891;34,325;34,325;0,000;42,731;180,667;180,667;0,000;217,260;0,252;0,252;0,000;6527,604;6527,604;0,000;563,680;563,680;0,000;1294,766;1294,766;0,000;8386,051;8386,051;0,000;NA;NA;NA;NA;NA;NA;NA
Lubia;Pinus pinaster;6;1;A;1615;1615;0;0,078;18,600;18,600;0,000;27,457;27,457;8,951;8,951;0,000;10,529;10,529;43,893;43,893;0,000;43,893;186,964;186,964;0,000;186,964;0,116;0,116;0,000;6732,975;6732,975;0,000;527,929;527,929;0,000;1473,389;1473,389;0,000;8734,293;8734,293;0,000;NA;NA;NA;NA;NA;NA;NA
Lubia;Pinus pinaster;6;2;A;1615;1500;115;0,078;19,504;20,004;11,120;29,086;29,086;10,327;10,352;10,000;11,257;11,257;48,264;47,144;1,121;48,264;230,813;225,568;5,245;230,813;0,143;0,150;0,046;8088,147;7910,103;178,044;619,545;609,168;10,377;1649,315;1615,067;34,247;10357,006;10134,338;222,668;NA;NA;NA;NA;NA;NA;NA
Lubia;Pinus pinaster;6;3;A;1500;1500;0;0,078;21,099;21,099;0,000;31,000;31,000;11,078;11,078;0,000;12,629;12,629;52,443;52,443;0,000;53,564;268,322;268,322;0,000;273,567;0,179;0,179;0,000;9288,523;9288,523;0,000;726,416;726,416;0,000;1831,227;1831,227;0,000;11846,165;11846,165;0,000;NA;NA;NA;NA;NA;NA;NA
Lubia;Pinus pinaster;7;1;A;1277;1277;0;0,083;19,161;19,161;0,000;28,329;28,329;9,350;9,350;0,000;10,831;10,831;36,826;36,826;0,000;36,826;165,448;165,448;0,000;165,448;0,130;0,130;0,000;6278,485;6278,485;0,000;494,715;494,715;0,000;1332,630;1332,630;0,000;8105,830;8105,830;0,000;NA;NA;NA;NA;NA;NA;NA
Lubia;Pinus pinaster;7;2;A;1277;1193;84;0,083;19,971;20,509;9,527;29,244;29,244;10,273;10,236;10,788;11,171;11,171;40,003;39,402;0,601;40,003;191,941;189,005;2,936;191,941;0,150;0,158;0,035;7179,310;7078,238;101,073;569,181;565,571;3,610;1470,786;1453,412;17,374;9219,277;9097,220;122,057;NA;NA;NA;NA;NA;NA;NA
Lubia;Pinus pinaster;7;3;A;1193;1193;0;0,083;21,517;21,517;0,000;31,457;31,457;11,254;11,254;0,000;12,222;12,222;43,370;43,370;0,000;43,971;226,190;226,190;0,000;229,126;0,190;0,190;0,000;8313,189;8313,189;0,000;664,077;664,077;0,000;1628,304;1628,304;0,000;10605,570;10605,570;0,000;NA;NA;NA;NA;NA;NA;NA
Lubia;Pinus pinaster;8;1;E;963;432;531;0,081;21,227;24,923;17,657;30,257;30,257;9,460;10,372;8,719;11,508;11,508;34,079;21,079;12,999;34,079;155,463;101,227;54,237;155,463;0,161;0,234;0,102;5784,278;3753,554;2030,724;498,632;340,898;157,735;1241,212;792,922;448,290;7524,123;4887,374;2636,748;NA;NA;NA;NA;NA;NA;NA
Lubia;Pinus pinaster;8;2;E;432;432;0;0,081;26,135;26,135;0,000;31,371;31,371;11,125;11,125;0,000;12,143;12,143;23,180;23,180;0,000;36,179;118,719;118,719;0,000;172,956;0,275;0,275;0,000;4341,785;4341,785;0,000;394,346;394,346;0,000;884,581;884,581;0,000;5620,712;5620,712;0,000;NA;NA;NA;NA;NA;NA;NA
Lubia;Pinus pinaster;8;3;E;432;432;0;0,081;27,963;27,963;0,000;33,543;33,543;11,810;11,810;0,000;13,100;13,100;26,536;26,536;0,000;39,535;144,072;144,072;0,000;198,308;0,333;0,333;0,000;5216,769;5216,769;0,000;487,271;487,271;0,000;1034,646;1034,646;0,000;6738,686;6738,686;0,000;NA;NA;NA;NA;NA;NA;NA
Lubia;Pinus pinaster;9;1;D;1185;691;494;0,081;19,813;22,204;15,870;28,044;28,044;9,399;9,556;9,178;10,548;10,548;36,539;26,771;9,768;36,539;162,437;120,242;42,196;162,437;0,137;0,174;0,085;6035,632;4488,847;1546,785;485,856;383,172;102,684;1296,067;972,178;323,889;7817,555;5844,197;1973,358;NA;NA;NA;NA;NA;NA;NA
Lubia;Pinus pinaster;9;2;D;691;691;0;0,081;23,551;23,551;0,000;30,271;30,271;10,255;10,255;0,000;11,900;11,900;30,118;30,118;0,000;39,886;143,598;143,598;0,000;185,793;0,208;0,208;0,000;5306,151;5306,151;0,000;461,935;461,935;0,000;1114,998;1114,998;0,000;6883,084;6883,084;0,000;NA;NA;NA;NA;NA;NA;NA
Lubia;Pinus pinaster;9;3;D;691;691;0;0,081;24,987;24,987;0,000;31,863;31,863;11,216;11,216;0,000;12,568;12,568;33,902;33,902;0,000;43,671;174,874;174,874;0,000;217,069;0,253;0,253;0,000;6358,463;6358,463;0,000;557,675;557,675;0,000;1279,853;1279,853;0,000;8195,990;8195,990;0,000;NA;NA;NA;NA;NA;NA;NA
Lubia;Quercus pirenaica;1;1;D;1975;1911;63;0,079;6,600;6,656;4,614;12,075;12,075;6,497;6,643;4,169;8,688;8,688;6,756;6,650;6,756;6,756;71,061;70,234;0,827;71,061;0,036;0,037;0,013;NA;NA;NA;NA;NA;NA;476,394;466,003;10,391;2220,000;2183,775;36,224;0;1214,207;1199,757;14,450;529,399;518,015;11,383
Lubia;Quercus pirenaica;1;2;D;1911;1987;114;0,079;6,461;6,533;5,045;12,500;12,500;7,079;7,189;4,278;9,300;9,300;6,890;6,662;6,890;13,646;75,051;73,136;1,915;75,878;0,039;0,037;0,017;NA;NA;NA;NA;NA;NA;471,864;451,101;20,763;2367,696;2293,147;74,549;190;1325,792;1293,370;32,422;570,040;548,676;21,364
Lubia;Quercus pirenaica;1;3;D;1987;1911;114;0,079;6,806;6,982;2,354;12,943;12,943;7,475;7,475;0,977;9,671;9,671;7,367;7,318;7,367;21,013;83,191;82,980;0,211;85,933;0,042;0,043;0,002;NA;NA;NA;NA;NA;NA;480,946;467,168;13,779;2562,480;2541,560;20,920;38;1482,953;1479,864;3,090;598,581;594,529;4,052
Lubia;Quercus pirenaica;2;1;E;1847;1800;47;0,085;5,383;5,419;3,794;9,271;9,271;4,600;4,600;2,995;6,340;6,340;4,204;4,151;4,204;4,204;34,734;34,410;0,323;34,734;0,019;0,019;0,007;NA;NA;NA;NA;NA;NA;437,796;429,927;7,869;1335,202;1316,209;18,993;0;568,441;563,301;5,140;328,965;322,981;5,985
Lubia;Quercus pirenaica;2;2;E;1800;1612;224;0,085;5,638;5,876;3,466;9,714;9,714;5,159;5,159;2,572;7,133;7,133;4,581;4,371;4,581;8,786;39,999;38,800;1,199;40,322;0,022;0,024;0,005;NA;NA;NA;NA;NA;NA;447,950;412,940;35,010;1482,331;1404,128;78,203;35;675,571;656,554;19,017;358,811;334,634;24,176
Lubia;Quercus pirenaica;2;3;E;1612;1565;106;0,085;6,065;6,123;5,124;10,100;10,100;5,376;5,376;3,459;7,433;7,433;4,826;4,608;4,826;13,612;44,485;42,743;1,742;46,007;0,028;0,027;0,016;NA;NA;NA;NA;NA;NA;448,822;424,419;24,403;1538,520;1468,068;70,452;59;751,874;722,434;29,441;337,824;321,215;16,609
Lubia;Quercus pirenaica;3;1;A;1812;1812;0;0,080;5,233;5,233;0,000;9,786;9,786;4,473;4,473;0,000;6,071;6,071;3,898;3,898;3,898;3,898;32,024;32,024;0,000;32,024;0,018;0,018;0,000;NA;NA;NA;NA;NA;NA;382,618;382,618;0,000;1155,358;1155,358;0,000;0;481,241;481,241;0,000;291,500;291,500;0,000
Lubia;Quercus pirenaica;3;2;A;1812;1850;162;0,080;5,116;5,232;3,536;10,157;10,157;5,113;5,113;3,472;7,083;7,083;4,138;3,978;4,138;8,035;35,893;34,877;1,016;35,893;0,020;0,019;0,006;NA;NA;NA;NA;NA;NA;371,727;352,481;19,245;1318,354;1258,736;59,618;200;578,098;561,181;16,917;368,529;345,074;23,455
Lubia;Quercus pirenaica;3;3;A;1875;1700;212;0,080;5,542;5,651;4,580;10,167;10,167;5,373;5,454;3,633;7,362;7,362;4,614;4,264;4,614;12,649;41,609;38,863;2,745;42,624;0,022;0,023;0,013;NA;NA;NA;NA;NA;NA;410,406;373,686;36,720;1439,916;1325,932;113,985;38;670,790;626,494;44,296;358,720;325,751;32,969
Lubia;Quercus pirenaica;4;1;E;2632;2566;66;0,076;5,027;5,070;2,938;10,414;10,414;5,240;5,321;3,139;6,700;6,700;5,224;5,179;5,224;5,224;44,756;44,514;0,242;44,756;0,017;0,017;0,004;NA;NA;NA;NA;NA;NA;445,667;439,810;5,857;1614,637;1596,821;17,816;0;694,597;690,726;3,870;474,373;466,285;8,089
Lubia;Quercus pirenaica;4;2;E;2566;2500;224;0,076;5,181;5,251;4,316;10,775;10,775;5,391;5,391;3,015;6,900;6,900;5,741;5,414;5,741;10,965;50,268;47,007;3,261;50,510;0,020;0,019;0,015;NA;NA;NA;NA;NA;NA;498,333;468,425;29,907;1730,716;1624,954;105,762;158;766,522;719,579;46,943;465,861;436,949;28,912
Lubia;Quercus pirenaica;4;3;E;2500;2368;145;0,076;5,557;5,628;4,229;11,329;11,329;5,956;5,956;3,498;7,550;7,550;6,096;5,892;6,096;17,061;56,505;54,941;1,564;60,008;0,023;0,023;0,011;NA;NA;NA;NA;NA;NA;490,033;468,904;21,130;1876,350;1809,921;66,428;13;893,523;868,826;24,697;492,793;472,191;20,602
Lubia;Quercus pirenaica;5;1;D;2728;2716;12;0,081;6,356;6,366;3,400;10,957;10,957;5,884;5,884;3,656;7,143;7,143;8,656;8,645;8,656;8,656;83,857;83,793;0,064;83,857;0,031;0,031;0,005;NA;NA;NA;NA;NA;NA;675,503;674,076;1,426;2706,504;2702,088;4,416;0;1382,323;1381,220;1,103;648,679;646,792;1,886
Lubia;Quercus pirenaica;5;2;D;2716;2716;160;0,081;6,439;6,566;3,687;11,371;11,371;6,413;6,413;3,424;7,914;7,914;9,367;9,196;9,367;18,023;95,326;94,089;1,237;95,391;0,035;0,035;0,008;NA;NA;NA;NA;NA;NA;694,920;675,126;19,794;3050,130;2985,579;64,551;160;1625,790;1604,653;21,136;729,420;705,800;23,620
Lubia;Quercus pirenaica;5;3;D;2716;2654;86;0,081;6,950;7,024;4,099;12,229;12,229;7,084;7,084;4,092;8,750;8,750;10,398;10,284;10,398;28,421;113,532;112,671;0,861;114,834;0,042;0,042;0,010;NA;NA;NA;NA;NA;NA;694,042;682,633;11,409;3540,653;3498,188;42,465;25;2014,012;1998,459;15,553;832,599;817,096;15,503
Lubia;Quercus pirenaica;6;1;A;2628;2628;0;0,078;4,878;4,878;0,000;8,812;8,812;5,016;5,016;0,000;6,457;6,457;4,912;4,912;4,912;4,912;39,170;39,170;0,000;39,170;0,015;0,015;0,000;NA;NA;NA;NA;NA;NA;460,199;460,199;0,000;1562,797;1562,797;0,000;0;629,649;629,649;0,000;472,949;472,949;0,000
Lubia;Quercus pirenaica;6;2;A;2628;2679;192;0,078;4,844;4,897;4,033;9,371;9,371;5,323;5,323;3,657;7,229;7,229;5,293;5,047;5,293;10,205;43,367;41,631;1,736;43,367;0,017;0,016;0,009;NA;NA;NA;NA;NA;NA;494,429;467,385;27,044;1712,640;1628,533;84,108;244;709,369;681,177;28,192;508,842;479,971;28,872
Lubia;Quercus pirenaica;6;3;A;2679;2487;205;0,078;5,128;5,240;3,499;9,743;9,743;6,057;6,057;2,576;8,400;8,400;5,561;5,363;5,561;15,766;48,715;47,359;1,357;50,451;0,018;0,019;0,007;NA;NA;NA;NA;NA;NA;479,256;452,071;27,184;1853,867;1782,803;71,065;13;835,352;813,067;22,285;539,259;517,664;21,595
Lubia;Quercus pirenaica;7;1;A;2157;2157;0;0,083;4,765;4,765;0,000;9,157;9,157;5,045;5,045;0,000;5,957;5,957;3,846;3,846;3,846;3,846;30,851;30,851;0,000;30,851;0,014;0,014;0,000;NA;NA;NA;NA;NA;NA;376,678;376,678;0,000;1292,256;1292,256;0,000;0;515,319;515,319;0,000;400,259;400,259;0,000
Lubia;Quercus pirenaica;7;2;A;2157;1940;301;0,083;4,874;4,930;4,502;9,512;9,512;5,356;5,377;4,089;6,214;6,214;4,182;3,702;4,182;8,028;34,923;31,020;3,904;34,923;0,016;0,016;0,013;NA;NA;NA;NA;NA;NA;379,811;335,416;44,395;1423,647;1261,276;162,371;84;595,318;532,012;63,306;448,518;393,848;54,670
Lubia;Quercus pirenaica;7;3;A;1940;1663;277;0,083;5,219;5,301;4,692;9,671;9,671;5,787;5,872;4,238;6,814;6,814;4,149;3,670;4,149;12,177;36,285;32,383;3,902;40,189;0,019;0,019;0,014;NA;NA;NA;NA;NA;NA;363,466;317,586;45,881;1418,942;1251,807;167,135;0;634,976;566,851;68,125;420,500;367,371;53,129
Lubia;Quercus pirenaica;8;1;E;2840;2802;37;0,081;5,298;5,313;3,216;11,343;11,343;5,473;5,473;2,902;8,000;8,000;6,233;6,213;6,233;6,233;55,706;55,597;0,109;55,706;0,020;0,020;0,003;NA;NA;NA;NA;NA;NA;566,225;563,150;3,074;2047,153;2039,417;7,736;0;930,152;928,420;1,731;550,777;547,846;2,930
Lubia;Quercus pirenaica;8;2;E;2802;2852;148;0,081;5,374;5,460;3,293;11,743;11,743;5,717;5,717;2,514;8,700;8,700;6,804;6,678;6,804;13,037;62,292;61,588;0,704;62,401;0,022;0,022;0,005;NA;NA;NA;NA;NA;NA;629,191;608,492;20,699;2233,465;2186,988;46,477;198;1045,397;1034,626;10,772;558,876;543,870;15,007
Lubia;Quercus pirenaica;8;3;E;2852;2642;210;0,081;5,701;5,839;3,513;12,214;12,214;6,047;6,047;2,642;9,600;9,600;7,279;7,075;7,279;20,315;69,905;68,656;1,249;70,718;0,025;0,026;0,006;NA;NA;NA;NA;NA;NA;613,970;583,398;30,572;2448,161;2374,497;73,664;0;1211,741;1191,449;20,292;622,451;599,651;22,800
Lubia;Quercus pirenaica;9;1;D;2173;2123;49;0,081;5,381;5,416;3,570;9,471;9,471;4,742;4,742;3,528;5,925;5,925;4,941;4,891;4,941;4,941;41,202;40,893;0,310;41,202;0,019;0,019;0,006;NA;NA;NA;NA;NA;NA;456,811;450,788;6,022;1533,957;1515,416;18,540;0;658,360;653,154;5,206;418,786;411,474;7,312
Lubia;Quercus pirenaica;9;2;D;2123;1864;333;0,081;5,520;5,610;4,987;9,713;9,713;4,930;4,894;4,210;6,286;6,286;5,259;4,608;5,259;10,200;45,276;40,051;5,225;45,586;0,021;0,021;0,016;NA;NA;NA;NA;NA;NA;476,422;412,958;63,464;1637,123;1427,449;209,674;74;729,279;644,097;85,182;431,422;370,394;61,028
Lubia;Quercus pirenaica;9;3;D;1864;1667;222;0,081;5,872;5,929;5,422;10,300;10,300;5,065;5,065;4,351;6,040;6,040;5,114;4,601;5,114;15,315;45,372;41,136;4,236;50,907;0,024;0,025;0,019;NA;NA;NA;NA;NA;NA;446,120;398,084;48,036;1553,013;1394,132;158,881;25;722,748;654,241;68,507;384,145;341,807;42,338
Lubia;P. pinaster + Q. pirenaica;1;1;D;3253;2734;519;NA;NA;NA;NA;NA;NA;NA;NA;NA;NA;NA;53,107;41,083;18,674;53,107;303,716;245,830;57,887;303,716;NA;NA;NA;NA;NA;NA;NA;NA;NA;NA;NA;NA;12669,844;10094,848;2574,996;NA;NA;NA;NA;NA;NA;NA
Lubia;P. pinaster + Q. pirenaica;1;2;D;2734;2810;114;NA;NA;NA;NA;NA;NA;NA;NA;NA;NA;NA;45,730;45,502;6,890;64,404;265,040;263,125;1,915;322,927;NA;NA;NA;NA;NA;NA;NA;NA;NA;NA;NA;NA;11185,834;11111,285;74,549;NA;NA;NA;NA;NA;NA;NA
Lubia;P. pinaster + Q. pirenaica;1;3;D;2810;2734;114;NA;NA;NA;NA;NA;NA;NA;NA;NA;NA;NA;51,294;51,245;7,367;76,858;308,567;308,356;0,211;368,369;NA;NA;NA;NA;NA;NA;NA;NA;NA;NA;NA;NA;12923,893;12902,973;20,920;NA;NA;NA;NA;NA;NA;NA
Lubia;P. pinaster + Q. pirenaica;2;1;E;3141;2376;765;NA;NA;NA;NA;NA;NA;NA;NA;NA;NA;NA;43,799;27,007;20,942;43,799;213,881;140,314;73,566;213,881;NA;NA;NA;NA;NA;NA;NA;NA;NA;NA;NA;NA;10291,663;6660,263;3631,400;NA;NA;NA;NA;NA;NA;NA
Lubia;P. pinaster + Q. pirenaica;2;2;E;2376;2188;224;NA;NA;NA;NA;NA;NA;NA;NA;NA;NA;NA;30,702;30,492;4,581;51,645;167,561;166,362;1,199;241,127;NA;NA;NA;NA;NA;NA;NA;NA;NA;NA;NA;NA;7850,925;7772,722;78,203;NA;NA;NA;NA;NA;NA;NA
Lubia;P. pinaster + Q. pirenaica;2;3;E;2188;2141;106;NA;NA;NA;NA;NA;NA;NA;NA;NA;NA;NA;34,344;34,126;4,826;59,869;191,268;189,526;1,742;266,033;NA;NA;NA;NA;NA;NA;NA;NA;NA;NA;NA;NA;8909,692;8839,240;70,452;NA;NA;NA;NA;NA;NA;NA
Lubia;P. pinaster + Q. pirenaica;3;1;A;3037;3037;0;NA;NA;NA;NA;NA;NA;NA;NA;NA;NA;NA;38,851;38,851;3,898;38,851;198,840;198,840;0,000;198,840;NA;NA;NA;NA;NA;NA;NA;NA;NA;NA;NA;NA;8801,797;8801,797;0,000;NA;NA;NA;NA;NA;NA;NA
Lubia;P. pinaster + Q. pirenaica;3;2;A;3037;2950;287;NA;NA;NA;NA;NA;NA;NA;NA;NA;NA;NA;42,724;40,439;6,263;46,621;223,500;212,145;11,354;223,500;NA;NA;NA;NA;NA;NA;NA;NA;NA;NA;NA;NA;9930,259;9419,297;510,963;NA;NA;NA;NA;NA;NA;NA
Lubia;P. pinaster + Q. pirenaica;3;3;A;2975;2762;250;NA;NA;NA;NA;NA;NA;NA;NA;NA;NA;NA;44,998;44,266;4,996;55,157;249,206;244,562;4,644;260,560;NA;NA;NA;NA;NA;NA;NA;NA;NA;NA;NA;NA;10871,944;10680,119;191,827;NA;NA;NA;NA;NA;NA;NA
Lubia;P. pinaster + Q. pirenaica;4;1;E;4053;3290;763;NA;NA;NA;NA;NA;NA;NA;NA;NA;NA;NA;49,332;32,717;21,794;49,332;244,904;172,396;72,508;244,904;NA;NA;NA;NA;NA;NA;NA;NA;NA;NA;NA;NA;10559,257;7323,234;3236,023;NA;NA;NA;NA;NA;NA;NA
Lubia;P. pinaster + Q. pirenaica;4;2;E;3290;3224;224;NA;NA;NA;NA;NA;NA;NA;NA;NA;NA;NA;37,095;36,768;5,741;58,889;215,928;212,667;3,261;288,436;NA;NA;NA;NA;NA;NA;NA;NA;NA;NA;NA;NA;8831,654;8725,892;105,762;NA;NA;NA;NA;NA;NA;NA
Lubia;P. pinaster + Q. pirenaica;4;3;E;3224;3092;145;NA;NA;NA;NA;NA;NA;NA;NA;NA;NA;NA;41,702;41,498;6,096;69,237;252,263;250,699;1,564;328,032;NA;NA;NA;NA;NA;NA;NA;NA;NA;NA;NA;NA;10230,938;10164,509;66,428;NA;NA;NA;NA;NA;NA;NA
Lubia;P. pinaster + Q. pirenaica;5;1;D;4037;3432;605;NA;NA;NA;NA;NA;NA;NA;NA;NA;NA;NA;43,967;35,551;17,061;43,967;243,773;207,115;36,658;243,773;NA;NA;NA;NA;NA;NA;NA;NA;NA;NA;NA;NA;10301,690;8633,252;1668,438;NA;NA;NA;NA;NA;NA;NA
Lubia;P. pinaster + Q. pirenaica;5;2;D;3432;3432;160;NA;NA;NA;NA;NA;NA;NA;NA;NA;NA;NA;39,866;39,695;9,367;56,927;248,223;246,986;1,237;284,882;NA;NA;NA;NA;NA;NA;NA;NA;NA;NA;NA;NA;10210,408;10145,857;64,551;NA;NA;NA;NA;NA;NA;NA
Lubia;P. pinaster + Q. pirenaica;5;3;D;3432;3370;86;NA;NA;NA;NA;NA;NA;NA;NA;NA;NA;NA;44,723;44,609;10,398;71,152;294,199;293,338;0,861;332,094;NA;NA;NA;NA;NA;NA;NA;NA;NA;NA;NA;NA;11926,704;11884,239;42,465;NA;NA;NA;NA;NA;NA;NA
Lubia;P. pinaster + Q. pirenaica;6;1;A;4243;4243;0;NA;NA;NA;NA;NA;NA;NA;NA;NA;NA;NA;48,805;48,805;4,912;48,805;226,134;226,134;0,000;226,134;NA;NA;NA;NA;NA;NA;NA;NA;NA;NA;NA;NA;10297,090;10297,090;0,000;NA;NA;NA;NA;NA;NA;NA
Lubia;P. pinaster + Q. pirenaica;6;2;A;4243;4179;307;NA;NA;NA;NA;NA;NA;NA;NA;NA;NA;NA;53,557;52,191;6,414;58,469;274,180;267,199;6,981;274,180;NA;NA;NA;NA;NA;NA;NA;NA;NA;NA;NA;NA;12069,646;11762,871;306,776;NA;NA;NA;NA;NA;NA;NA
Lubia;P. pinaster + Q. pirenaica;6;3;A;4179;3987;205;NA;NA;NA;NA;NA;NA;NA;NA;NA;NA;NA;58,004;57,806;5,561;69,330;317,037;315,681;1,357;324,018;NA;NA;NA;NA;NA;NA;NA;NA;NA;NA;NA;NA;13700,032;13628,968;71,065;NA;NA;NA;NA;NA;NA;NA
Lubia;P. pinaster + Q. pirenaica;7;1;A;3434;3434;0;NA;NA;NA;NA;NA;NA;NA;NA;NA;NA;NA;40,672;40,672;3,846;40,672;196,299;196,299;0,000;196,299;NA;NA;NA;NA;NA;NA;NA;NA;NA;NA;NA;NA;9398,086;9398,086;0,000;NA;NA;NA;NA;NA;NA;NA
Lubia;P. pinaster + Q. pirenaica;7;2;A;3434;3133;385;NA;NA;NA;NA;NA;NA;NA;NA;NA;NA;NA;44,185;43,104;4,783;48,031;226,864;220,025;6,840;226,864;NA;NA;NA;NA;NA;NA;NA;NA;NA;NA;NA;NA;10642,924;10358,496;284,428;NA;NA;NA;NA;NA;NA;NA
Lubia;P. pinaster + Q. pirenaica;7;3;A;3133;2856;277;NA;NA;NA;NA;NA;NA;NA;NA;NA;NA;NA;47,519;47,040;4,149;56,148;262,475;258,573;3,902;269,315;NA;NA;NA;NA;NA;NA;NA;NA;NA;NA;NA;NA;12024,512;11857,377;167,135;NA;NA;NA;NA;NA;NA;NA
Lubia;P. pinaster + Q. pirenaica;8;1;E;3803;3234;568;NA;NA;NA;NA;NA;NA;NA;NA;NA;NA;NA;40,312;27,292;19,232;40,312;211,169;156,824;54,346;211,169;NA;NA;NA;NA;NA;NA;NA;NA;NA;NA;NA;NA;9571,276;6926,791;2644,484;NA;NA;NA;NA;NA;NA;NA
Lubia;P. pinaster + Q. pirenaica;8;2;E;3234;3284;148;NA;NA;NA;NA;NA;NA;NA;NA;NA;NA;NA;29,984;29,858;6,804;49,216;181,011;180,307;0,704;235,357;NA;NA;NA;NA;NA;NA;NA;NA;NA;NA;NA;NA;7854,177;7807,700;46,477;NA;NA;NA;NA;NA;NA;NA
Lubia;P. pinaster + Q. pirenaica;8;3;E;3284;3074;210;NA;NA;NA;NA;NA;NA;NA;NA;NA;NA;NA;33,815;33,611;7,279;59,850;213,977;212,728;1,249;269,026;NA;NA;NA;NA;NA;NA;NA;NA;NA;NA;NA;NA;9186,847;9113,183;73,664;NA;NA;NA;NA;NA;NA;NA
Lubia;P. pinaster + Q. pirenaica;9;1;D;3358;2814;543;NA;NA;NA;NA;NA;NA;NA;NA;NA;NA;NA;41,480;31,662;14,709;41,480;203,639;161,135;42,506;203,639;NA;NA;NA;NA;NA;NA;NA;NA;NA;NA;NA;NA;9351,512;7359,613;1991,898;NA;NA;NA;NA;NA;NA;NA
Lubia;P. pinaster + Q. pirenaica;9;2;D;2814;2555;333;NA;NA;NA;NA;NA;NA;NA;NA;NA;NA;NA;35,377;34,726;5,259;50,086;188,874;183,649;5,225;231,379;NA;NA;NA;NA;NA;NA;NA;NA;NA;NA;NA;NA;8520,207;8310,533;209,674;NA;NA;NA;NA;NA;NA;NA
Lubia;P. pinaster + Q. pirenaica;9;3;D;2555;2358;222;NA;NA;NA;NA;NA;NA;NA;NA;NA;NA;NA;39,016;38,503;5,114;58,986;220,246;216,010;4,236;267,976;NA;NA;NA;NA;NA;NA;NA;NA;NA;NA;NA;NA;9749,003;9590,122;158,881;NA;NA;NA;NA;NA;NA;NA
