sitio;inventario;arboles;variable;anova_p;tukey_variable;tukey_p;bartlett_p
Lubia;1;Pinus pinaster;Nac;0,624758037846750658;D-A;7,42981659326578e-01;0,3154375886071981
Lubia;1;Pinus pinaster;Nac;0,624758037846750658;E-A;6,26899868857044e-01;0,3154375886071981
Lubia;1;Pinus pinaster;Nac;0,624758037846750658;E-D;9,77140722034718e-01;0,3154375886071981
Lubia;1;Pinus pinaster;Dgac;0,299727265931570452;D-A;4,75398353681485e-01;0,1984774895935677
Lubia;1;Pinus pinaster;Dgac;0,299727265931570452;E-A;2,95715053491865e-01;0,1984774895935677
Lubia;1;Pinus pinaster;Dgac;0,299727265931570452;E-D;9,10409400007642e-01;0,1984774895935677
Lubia;1;Pinus pinaster;Hgac;0,557646724840536789;D-A;5,69897277650514e-01;0,3254292478194551
Lubia;1;Pinus pinaster;Hgac;0,557646724840536789;E-A;6,70274522280271e-01;0,3254292478194551
Lubia;1;Pinus pinaster;Hgac;0,557646724840536789;E-D;9,82618586563797e-01;0,3254292478194551
Lubia;1;Pinus pinaster;ABac;0,978460475535811502;D-A;9,79319855015891e-01;0,9448510626448724
Lubia;1;Pinus pinaster;ABac;0,978460475535811502;E-A;9,85543428141202e-01;0,9448510626448724
Lubia;1;Pinus pinaster;ABac;0,978460475535811502;E-D;9,99424552774440e-01;0,9448510626448724
Lubia;1;Pinus pinaster;Vac;0,874031068458976490;D-A;8,63168732972247e-01;0,3282152893768214
Lubia;1;Pinus pinaster;Vac;0,874031068458976490;E-A;9,72307113906712e-01;0,3282152893768214
Lubia;1;Pinus pinaster;Vac;0,874031068458976490;E-D;9,52924237622964e-01;0,3282152893768214
Lubia;1;Pinus pinaster;WacT;0,870740716373275658;D-A;8,64178093535323e-01;0,3945433935555628
Lubia;1;Pinus pinaster;WacT;0,870740716373275658;E-A;9,33790770408504e-01;0,3945433935555628
Lubia;1;Pinus pinaster;WacT;0,870740716373275658;E-D;9,84871993707146e-01;0,3945433935555628
Lubia;1;Quercus pirenaica;Nac;0,806450570016961743;D-A;9,64758651856140e-01;0,9185692596264383
Lubia;1;Quercus pirenaica;Nac;0,806450570016961743;E-A;7,92749262473472e-01;0,9185692596264383
Lubia;1;Quercus pirenaica;Nac;0,806450570016961743;E-D;9,14279657866737e-01;0,9185692596264383
Lubia;1;Quercus pirenaica;Dgac;0,032541848952964768;D-A;3,24167882105107e-02;0,2394980761149001
Lubia;1;Quercus pirenaica;Dgac;0,032541848952964768;E-A;7,03351780559942e-01;0,2394980761149001
Lubia;1;Quercus pirenaica;Dgac;0,032541848952964768;E-D;8,95981907847760e-02;0,2394980761149001
Lubia;1;Quercus pirenaica;Hgac;0,277069584171042271;D-A;2,65330531948897e-01;0,4136857562682251
Lubia;1;Quercus pirenaica;Hgac;0,277069584171042271;E-A;8,62389979818648e-01;0,4136857562682251
Lubia;1;Quercus pirenaica;Hgac;0,277069584171042271;E-D;4,85406246257125e-01;0,4136857562682251
Lubia;1;Quercus pirenaica;ABac;0,118471023871157544;D-A;1,05575265966852e-01;0,3787607514887236
Lubia;1;Quercus pirenaica;ABac;0,118471023871157544;E-A;6,22755200944890e-01;0,3787607514887236
Lubia;1;Quercus pirenaica;ABac;0,118471023871157544;E-D;3,52207921284217e-01;0,3787607514887236
Lubia;1;Quercus pirenaica;Vac;0,088340939643582098;D-A;7,97309220792798e-02;0,1854115408729846
Lubia;1;Quercus pirenaica;Vac;0,088340939643582098;E-A;6,31878124569309e-01;0,1854115408729846
Lubia;1;Quercus pirenaica;Vac;0,088340939643582098;E-D;2,65091759256107e-01;0,1854115408729846
Lubia;1;Quercus pirenaica;WacT;0,129496926911485705;D-A;1,15153852705897e-01;0,4446895350419088
Lubia;1;Quercus pirenaica;WacT;0,129496926911485705;E-A;6,21104558254808e-01;0,4446895350419088
Lubia;1;Quercus pirenaica;WacT;0,129496926911485705;E-D;3,82281288229336e-01;0,4446895350419088
Lubia;1;P. pinaster + Q. pirenaica;Nac;0,957244975507594575;D-A;9,98463991463514e-01;0,8850331795432214
Lubia;1;P. pinaster + Q. pirenaica;Nac;0,957244975507594575;E-A;9,72258358838770e-01;0,8850331795432214
Lubia;1;P. pinaster + Q. pirenaica;Nac;0,957244975507594575;E-D;9,58218555210926e-01;0,8850331795432214
Lubia;1;P. pinaster + Q. pirenaica;ABac;0,749233937844258735;D-A;7,28788948684388e-01;0,9309524906356456
Lubia;1;P. pinaster + Q. pirenaica;ABac;0,749233937844258735;E-A;9,20877201448469e-01;0,9309524906356456
Lubia;1;P. pinaster + Q. pirenaica;ABac;0,749233937844258735;E-D;9,20994222421200e-01;0,9309524906356456
Lubia;1;P. pinaster + Q. pirenaica;Vac;0,325503631140939442;D-A;3,03751705869616e-01;0,2761741613203652
Lubia;1;P. pinaster + Q. pirenaica;Vac;0,325503631140939442;E-A;8,19381701188072e-01;0,2761741613203652
Lubia;1;P. pinaster + Q. pirenaica;Vac;0,325503631140939442;E-D;5,91545264734993e-01;0,2761741613203652
Lubia;1;P. pinaster + Q. pirenaica;WacT;0,429405262590004166;D-A;3,99749421053572e-01;0,2906976801953513
Lubia;1;P. pinaster + Q. pirenaica;WacT;0,429405262590004166;E-A;7,70913811165669e-01;0,2906976801953513
Lubia;1;P. pinaster + Q. pirenaica;WacT;0,429405262590004166;E-D;7,75092006049016e-01;0,2906976801953513
Lubia;2;Pinus pinaster;Ndc;0,003636343382637322;D-A;1,37906372215737e-02;0,4341780196794262
Lubia;2;Pinus pinaster;Ndc;0,003636343382637322;E-A;3,63175522989212e-03;0,4341780196794262
Lubia;2;Pinus pinaster;Ndc;0,003636343382637322;E-D;4,30735208586463e-01;0,4341780196794262
Lubia;2;Pinus pinaster;Dgdc;0,002838654296918986;D-A;8,50176252938273e-03;0,1927743109492980
Lubia;2;Pinus pinaster;Dgdc;0,002838654296918986;E-A;3,15441959804663e-03;0,1927743109492980
Lubia;2;Pinus pinaster;Dgdc;0,002838654296918986;E-D;5,87716209831018e-01;0,1927743109492980
Lubia;2;Pinus pinaster;Hgdc;0,018133263915290257;D-A;3,17167136376515e-02;0,0645853110647957
Lubia;2;Pinus pinaster;Hgdc;0,018133263915290257;E-A;2,48158887996429e-02;0,0645853110647957
Lubia;2;Pinus pinaster;Hgdc;0,018133263915290257;E-D;9,76289151748737e-01;0,0645853110647957
Lubia;2;Pinus pinaster;ABdc;0,033964815485615994;D-A;2,01916519382826e-01;0,9354195150068120
Lubia;2;Pinus pinaster;ABdc;0,033964815485615994;E-A;2,86030989914330e-02;0,9354195150068120
Lubia;2;Pinus pinaster;ABdc;0,033964815485615994;E-D;3,28181541829960e-01;0,9354195150068120
Lubia;2;Pinus pinaster;Vdc;0,066778597782614982;D-A;2,70760077420282e-01;0,9994365343262006
Lubia;2;Pinus pinaster;Vdc;0,066778597782614982;E-A;5,78625252502513e-02;0,9994365343262006
Lubia;2;Pinus pinaster;Vdc;0,066778597782614982;E-D;4,83893400057700e-01;0,9994365343262006
Lubia;2;Pinus pinaster;WdcT;0,030508189441694877;D-A;1,97846605053355e-01;0,9009026152548507
Lubia;2;Pinus pinaster;WdcT;0,030508189441694877;E-A;2,55526431228205e-02;0,9009026152548507
Lubia;2;Pinus pinaster;WdcT;0,030508189441694877;E-D;2,98191611917886e-01;0,9009026152548507
Lubia;2;Quercus pirenaica;Ndc;0,921348295733033451;D-A;9,96806838651872e-01;0,8791451214529201
Lubia;2;Quercus pirenaica;Ndc;0,921348295733033451;E-A;9,22637957286178e-01;0,8791451214529201
Lubia;2;Quercus pirenaica;Ndc;0,921348295733033451;E-D;9,49284265064922e-01;0,8791451214529201
Lubia;2;Quercus pirenaica;Dgdc;0,021329311228952583;D-A;1,79629353428434e-02;0,4191866602386690
Lubia;2;Quercus pirenaica;Dgdc;0,021329311228952583;E-A;2,98262693986647e-01;0,4191866602386690
Lubia;2;Quercus pirenaica;Dgdc;0,021329311228952583;E-D;1,33666629548078e-01;0,4191866602386690
Lubia;2;Quercus pirenaica;Hgdc;0,314449120009384242;D-A;3,27531462623769e-01;0,0374387565449568
Lubia;2;Quercus pirenaica;Hgdc;0,314449120009384242;E-A;9,62098474379255e-01;0,0374387565449568
Lubia;2;Quercus pirenaica;Hgdc;0,314449120009384242;E-D;4,43379796799831e-01;0,0374387565449568
Lubia;2;Quercus pirenaica;ABdc;0,203121506811156843;D-A;1,80972875426417e-01;0,3384151834209657
Lubia;2;Quercus pirenaica;ABdc;0,203121506811156843;E-A;6,09102924051633e-01;0,3384151834209657
Lubia;2;Quercus pirenaica;ABdc;0,203121506811156843;E-D;5,69768889902338e-01;0,3384151834209657
Lubia;2;Quercus pirenaica;Vdc;0,139286653307022334;D-A;1,24332102617455e-01;0,1571080025175468
Lubia;2;Quercus pirenaica;Vdc;0,139286653307022334;E-A;6,38751206829729e-01;0,1571080025175468
Lubia;2;Quercus pirenaica;Vdc;0,139286653307022334;E-D;3,95021124922684e-01;0,1571080025175468
Lubia;2;Quercus pirenaica;WdcT;0,213643264508959735;D-A;1,92938634057814e-01;0,2919144760162040
Lubia;2;Quercus pirenaica;WdcT;0,213643264508959735;E-A;6,97016875739193e-01;0,2919144760162040
Lubia;2;Quercus pirenaica;WdcT;0,213643264508959735;E-D;5,13491337770760e-01;0,2919144760162040
Lubia;2;P. pinaster + Q. pirenaica;Ndc;0,511607432489294744;D-A;5,89936857205672e-01;0,8814848909017263
Lubia;2;P. pinaster + Q. pirenaica;Ndc;0,511607432489294744;E-A;5,51103586242964e-01;0,8814848909017263
Lubia;2;P. pinaster + Q. pirenaica;Ndc;0,511607432489294744;E-D;9,97255879408514e-01;0,8814848909017263
Lubia;2;P. pinaster + Q. pirenaica;ABdc;0,061116649618314679;D-A;4,76353092499447e-01;0,8326034945666144
Lubia;2;P. pinaster + Q. pirenaica;ABdc;0,061116649618314679;E-A;5,29380525343583e-02;0,8326034945666144
Lubia;2;P. pinaster + Q. pirenaica;ABdc;0,061116649618314679;E-D;2,52498834584953e-01;0,8326034945666144
Lubia;2;P. pinaster + Q. pirenaica;Vdc;0,221985165588949290;D-A;9,97307698078463e-01;0,7616251055926555
Lubia;2;P. pinaster + Q. pirenaica;Vdc;0,221985165588949290;E-A;2,64723663372006e-01;0,7616251055926555
Lubia;2;P. pinaster + Q. pirenaica;Vdc;0,221985165588949290;E-D;2,88275299393491e-01;0,7616251055926555
Lubia;2;P. pinaster + Q. pirenaica;WdcT;0,086929560642433026;D-A;7,58838772297399e-01;0,5069044302788276
Lubia;2;P. pinaster + Q. pirenaica;WdcT;0,086929560642433026;E-A;8,36442602057915e-02;0,5069044302788276
Lubia;2;P. pinaster + Q. pirenaica;WdcT;0,086929560642433026;E-D;2,10143236821686e-01;0,5069044302788276
Lubia;3;Pinus pinaster;Ndc;0,005063020195269288;D-A;1,88971220636004e-02;0,3896524261543793
Lubia;3;Pinus pinaster;Ndc;0,005063020195269288;E-A;5,01824049953581e-03;0,3896524261543793
Lubia;3;Pinus pinaster;Ndc;0,005063020195269288;E-D;4,59602172568570e-01;0,3896524261543793
Lubia;3;Pinus pinaster;Dgdc;0,003108139753648848;D-A;9,84646523963073e-03;0,2423195128838095
Lubia;3;Pinus pinaster;Dgdc;0,003108139753648848;E-A;3,35355066235510e-03;0,2423195128838095
Lubia;3;Pinus pinaster;Dgdc;0,003108139753648848;E-D;5,47124214096042e-01;0,2423195128838095
Lubia;3;Pinus pinaster;Hgdc;0,062624236997314911;D-A;9,87447515427849e-02;0,6418196871434428
Lubia;3;Pinus pinaster;Hgdc;0,062624236997314911;E-A;7,98520833869804e-02;0,6418196871434428
Lubia;3;Pinus pinaster;Hgdc;0,062624236997314911;E-D;9,84717477014482e-01;0,6418196871434428
Lubia;3;Pinus pinaster;ABdc;0,049992822959118943;D-A;2,74266697592199e-01;0,9157036321457173
Lubia;3;Pinus pinaster;ABdc;0,049992822959118943;E-A;4,23153817361893e-02;0,9157036321457173
Lubia;3;Pinus pinaster;ABdc;0,049992822959118943;E-D;3,60686602046075e-01;0,9157036321457173
Lubia;3;Pinus pinaster;Vdc;0,067789957857605360;D-A;2,99358702993132e-01;0,9824287262544371
Lubia;3;Pinus pinaster;Vdc;0,067789957857605360;E-A;5,82098668747739e-02;0,9824287262544371
Lubia;3;Pinus pinaster;Vdc;0,067789957857605360;E-D;4,45150884752988e-01;0,9824287262544371
Lubia;3;Pinus pinaster;WdcT;0,037351253458265454;D-A;2,48119146469759e-01;0,8497237625801906
Lubia;3;Pinus pinaster;WdcT;0,037351253458265454;E-A;3,12945781641198e-02;0,8497237625801906
Lubia;3;Pinus pinaster;WdcT;0,037351253458265454;E-D;2,95072038217843e-01;0,8497237625801906
Lubia;3;Quercus pirenaica;Ndc;0,851118126010098730;D-A;9,51026399339537e-01;0,9726796105278637
Lubia;3;Quercus pirenaica;Ndc;0,851118126010098730;E-A;8,37815587256638e-01;0,9726796105278637
Lubia;3;Quercus pirenaica;Ndc;0,851118126010098730;E-D;9,60259985764390e-01;0,9726796105278637
Lubia;3;Quercus pirenaica;Dgdc;0,025332607031412265;D-A;2,19823505829958e-02;0,3308823652463690
Lubia;3;Quercus pirenaica;Dgdc;0,025332607031412265;E-A;3,96872706625017e-01;0,3308823652463690
Lubia;3;Quercus pirenaica;Dgdc;0,025332607031412265;E-D;1,22843712322314e-01;0,3308823652463690
Lubia;3;Quercus pirenaica;Hgdc;0,461431097201491724;D-A;5,21876314967465e-01;0,1306922614004581
Lubia;3;Quercus pirenaica;Hgdc;0,461431097201491724;E-A;9,99997679600285e-01;0,1306922614004581
Lubia;3;Quercus pirenaica;Hgdc;0,461431097201491724;E-D;5,20790142922028e-01;0,1306922614004581
Lubia;3;Quercus pirenaica;ABdc;0,226874385481103197;D-A;2,03316969124336e-01;0,2915219574592824
Lubia;3;Quercus pirenaica;ABdc;0,226874385481103197;E-A;6,36858319117859e-01;0,2915219574592824
Lubia;3;Quercus pirenaica;ABdc;0,226874385481103197;E-D;5,93581578155541e-01;0,2915219574592824
Lubia;3;Quercus pirenaica;Vdc;0,178164792929521032;D-A;1,60302592431835e-01;0,1455841898647420
Lubia;3;Quercus pirenaica;Vdc;0,178164792929521032;E-A;6,78803374549248e-01;0,1455841898647420
Lubia;3;Quercus pirenaica;Vdc;0,178164792929521032;E-D;4,55431955022873e-01;0,1455841898647420
Lubia;3;Quercus pirenaica;WdcT;0,260311209810971167;D-A;2,37152197391044e-01;0,2552044409482510
Lubia;3;Quercus pirenaica;WdcT;0,260311209810971167;E-A;7,32716437285070e-01;0,2552044409482510
Lubia;3;Quercus pirenaica;WdcT;0,260311209810971167;E-D;5,68069832563351e-01;0,2552044409482510
Lubia;3;P. pinaster + Q. pirenaica;Ndc;0,634304556950728293;D-A;7,17067377099767e-01;0,9251579903131871
Lubia;3;P. pinaster + Q. pirenaica;Ndc;0,634304556950728293;E-A;6,55574520793091e-01;0,9251579903131871
Lubia;3;P. pinaster + Q. pirenaica;Ndc;0,634304556950728293;E-D;9,93549775051675e-01;0,9251579903131871
Lubia;3;P. pinaster + Q. pirenaica;ABdc;0,091632914011660696;D-A;6,09519814214609e-01;0,8275324989400936
Lubia;3;P. pinaster + Q. pirenaica;ABdc;0,091632914011660696;E-A;8,18894729051789e-02;0,8275324989400936
Lubia;3;P. pinaster + Q. pirenaica;ABdc;0,091632914011660696;E-D;2,85488957875897e-01;0,8275324989400936
Lubia;3;P. pinaster + Q. pirenaica;Vdc;0,231397011268741154;D-A;9,99929407070927e-01;0,8307178643403730
Lubia;3;P. pinaster + Q. pirenaica;Vdc;0,231397011268741154;E-A;2,84257726609040e-01;0,8307178643403730
Lubia;3;P. pinaster + Q. pirenaica;Vdc;0,231397011268741154;E-D;2,88184075132092e-01;0,8307178643403730
Lubia;3;P. pinaster + Q. pirenaica;WdcT;0,112955113043315916;D-A;8,57094753823955e-01;0,5528222496142826
Lubia;3;P. pinaster + Q. pirenaica;WdcT;0,112955113043315916;E-A;1,14307286377415e-01;0,5528222496142826
Lubia;3;P. pinaster + Q. pirenaica;WdcT;0,112955113043315916;E-D;2,25638906847079e-01;0,5528222496142826
Sanpablo;1;Pinus pinaster;Nac;0,828157538306819707;D-A;9,73933355575341e-01;0,6101866235006992
Sanpablo;1;Pinus pinaster;Nac;0,828157538306819707;E-A;9,18294156384726e-01;0,6101866235006992
Sanpablo;1;Pinus pinaster;Nac;0,828157538306819707;E-D;8,17340290179737e-01;0,6101866235006992
Sanpablo;1;Pinus pinaster;Dgac;0,830973361936328203;D-A;9,55094952080005e-01;0,6177157124932821
Sanpablo;1;Pinus pinaster;Dgac;0,830973361936328203;E-A;9,43026732656761e-01;0,6177157124932821
Sanpablo;1;Pinus pinaster;Dgac;0,830973361936328203;E-D;8,16204715076747e-01;0,6177157124932821
Sanpablo;1;Pinus pinaster;Hgac;0,737475610485385236;D-A;7,71823580080971e-01;0,7015178111083522
Sanpablo;1;Pinus pinaster;Hgac;0,737475610485385236;E-A;9,99870843428049e-01;0,7015178111083522
Sanpablo;1;Pinus pinaster;Hgac;0,737475610485385236;E-D;7,80147148874763e-01;0,7015178111083522
Sanpablo;1;Pinus pinaster;ABac;0,249476305773380758;D-A;7,11808278852005e-01;0,6026214620081909
Sanpablo;1;Pinus pinaster;ABac;0,249476305773380758;E-A;5,67627004717358e-01;0,6026214620081909
Sanpablo;1;Pinus pinaster;ABac;0,249476305773380758;E-D;2,26212599109457e-01;0,6026214620081909
Sanpablo;1;Pinus pinaster;Vac;0,306441486110619499;D-A;6,33280589958793e-01;0,0255574418508423
Sanpablo;1;Pinus pinaster;Vac;0,306441486110619499;E-A;7,43623968158508e-01;0,0255574418508423
Sanpablo;1;Pinus pinaster;Vac;0,306441486110619499;E-D;2,80400699848525e-01;0,0255574418508423
Sanpablo;1;Pinus pinaster;WacT;0,452412545027482904;D-A;7,69490863929697e-01;0,6943476872921319
Sanpablo;1;Pinus pinaster;WacT;0,452412545027482904;E-A;8,03550781178528e-01;0,6943476872921319
Sanpablo;1;Pinus pinaster;WacT;0,452412545027482904;E-D;4,22942927450752e-01;0,6943476872921319
Sanpablo;1;Quercus pirenaica;Nac;0,372941227053057378;D-A;5,94257011856218e-01;0,7416956298814744
Sanpablo;1;Quercus pirenaica;Nac;0,372941227053057378;E-A;3,56869781416995e-01;0,7416956298814744
Sanpablo;1;Quercus pirenaica;Nac;0,372941227053057378;E-D;8,83062409206106e-01;0,7416956298814744
Sanpablo;1;Quercus pirenaica;Dgac;0,438206259833658518;D-A;5,27022114950358e-01;0,5087319635635246
Sanpablo;1;Quercus pirenaica;Dgac;0,438206259833658518;E-A;4,74534155285289e-01;0,5087319635635246
Sanpablo;1;Quercus pirenaica;Dgac;0,438206259833658518;E-D;9,94368030408648e-01;0,5087319635635246
Sanpablo;1;Quercus pirenaica;Hgac;0,623247983656760929;D-A;7,46462935781781e-01;0,5751439318088295
Sanpablo;1;Quercus pirenaica;Hgac;0,623247983656760929;E-A;6,23236634019300e-01;0,5751439318088295
Sanpablo;1;Quercus pirenaica;Hgac;0,623247983656760929;E-D;9,74264374792744e-01;0,5751439318088295
Sanpablo;1;Quercus pirenaica;ABac;0,112850040203120117;D-A;1,79870659960976e-01;0,2408775710269916
Sanpablo;1;Quercus pirenaica;ABac;0,112850040203120117;E-A;1,30147543044892e-01;0,2408775710269916
Sanpablo;1;Quercus pirenaica;ABac;0,112850040203120117;E-D;9,65235678090619e-01;0,2408775710269916
Sanpablo;1;Quercus pirenaica;Vac;0,129072964394981476;D-A;1,87877000797221e-01;0,5595172830935984
Sanpablo;1;Quercus pirenaica;Vac;0,129072964394981476;E-A;1,55833784919374e-01;0,5595172830935984
Sanpablo;1;Quercus pirenaica;Vac;0,129072964394981476;E-D;9,88130258881846e-01;0,5595172830935984
Sanpablo;1;Quercus pirenaica;WacT;0,330984147108558835;D-A;3,93607040184033e-01;0,6545442958260407
Sanpablo;1;Quercus pirenaica;WacT;0,330984147108558835;E-A;3,89228131880114e-01;0,6545442958260407
Sanpablo;1;Quercus pirenaica;WacT;0,330984147108558835;E-D;9,99946379551400e-01;0,6545442958260407
Sanpablo;1;P. pinaster + Q. pirenaica;Nac;0,420307223284334786;D-A;5,97921476364848e-01;0,6151694162386031
Sanpablo;1;P. pinaster + Q. pirenaica;Nac;0,420307223284334786;E-A;4,13819663775179e-01;0,6151694162386031
Sanpablo;1;P. pinaster + Q. pirenaica;Nac;0,420307223284334786;E-D;9,33034528632008e-01;0,6151694162386031
Sanpablo;1;P. pinaster + Q. pirenaica;ABac;0,356654921353047161;D-A;3,84649405220823e-01;0,3098009550054480
Sanpablo;1;P. pinaster + Q. pirenaica;ABac;0,356654921353047161;E-A;9,85998794315006e-01;0,3098009550054480
Sanpablo;1;P. pinaster + Q. pirenaica;ABac;0,356654921353047161;E-D;4,59378582871713e-01;0,3098009550054480
Sanpablo;1;P. pinaster + Q. pirenaica;Vac;0,317092732100290930;D-A;2,90356336032121e-01;0,2303398570262926
Sanpablo;1;P. pinaster + Q. pirenaica;Vac;0,317092732100290930;E-A;7,42625968459411e-01;0,2303398570262926
Sanpablo;1;P. pinaster + Q. pirenaica;Vac;0,317092732100290930;E-D;6,50598215394270e-01;0,2303398570262926
Sanpablo;1;P. pinaster + Q. pirenaica;WacT;0,575627817418691623;D-A;6,04056715555039e-01;0,7119923902281902
Sanpablo;1;P. pinaster + Q. pirenaica;WacT;0,575627817418691623;E-A;9,94716833878866e-01;0,7119923902281902
Sanpablo;1;P. pinaster + Q. pirenaica;WacT;0,575627817418691623;E-D;6,59463438632506e-01;0,7119923902281902
Sanpablo;2;Pinus pinaster;Ndc;0,000379401216851104;D-A;4,08829536302202e-03;0,3465259923570780
Sanpablo;2;Pinus pinaster;Ndc;0,000379401216851104;E-A;3,15700497312221e-04;0,3465259923570780
Sanpablo;2;Pinus pinaster;Ndc;0,000379401216851104;E-D;3,73613574940321e-02;0,3465259923570780
Sanpablo;2;Pinus pinaster;Dgdc;0,121613675333843985;D-A;3,99306174540292e-01;0,8470686069216021
Sanpablo;2;Pinus pinaster;Dgdc;0,121613675333843985;E-A;1,06809620917519e-01;0,8470686069216021
Sanpablo;2;Pinus pinaster;Dgdc;0,121613675333843985;E-D;5,66875594833092e-01;0,8470686069216021
Sanpablo;2;Pinus pinaster;Hgdc;0,787362108789203208;D-A;9,46966808752031e-01;0,7699473907154394
Sanpablo;2;Pinus pinaster;Hgdc;0,787362108789203208;E-A;7,70003008826654e-01;0,7699473907154394
Sanpablo;2;Pinus pinaster;Hgdc;0,787362108789203208;E-D;9,21275972813231e-01;0,7699473907154394
Sanpablo;2;Pinus pinaster;ABdc;0,000137480943367022;D-A;2,03407581232473e-03;0,2380386612799075
Sanpablo;2;Pinus pinaster;ABdc;0,000137480943367022;E-A;1,11427233366213e-04;0,2380386612799075
Sanpablo;2;Pinus pinaster;ABdc;0,000137480943367022;E-D;1,22930439363399e-02;0,2380386612799075
Sanpablo;2;Pinus pinaster;Vdc;0,004885491894311296;D-A;4,28227401309820e-02;0,1411848664802910
Sanpablo;2;Pinus pinaster;Vdc;0,004885491894311296;E-A;4,05466486475425e-03;0,1411848664802910
Sanpablo;2;Pinus pinaster;Vdc;0,004885491894311296;E-D;1,51089550305105e-01;0,1411848664802910
Sanpablo;2;Pinus pinaster;WdcT;0,031542465160194537;D-A;1,21013769272152e-01;0,5258954278487633
Sanpablo;2;Pinus pinaster;WdcT;0,031542465160194537;E-A;2,84219205256754e-02;0,5258954278487633
Sanpablo;2;Pinus pinaster;WdcT;0,031542465160194537;E-D;5,10596643507521e-01;0,5258954278487633
Sanpablo;2;Quercus pirenaica;Ndc;0,406494697203712174;D-A;5,45192694794175e-01;0,6606176860997257
Sanpablo;2;Quercus pirenaica;Ndc;0,406494697203712174;E-A;4,15104375707405e-01;0,6606176860997257
Sanpablo;2;Quercus pirenaica;Ndc;0,406494697203712174;E-D;9,64171991989295e-01;0,6606176860997257
Sanpablo;2;Quercus pirenaica;Dgdc;0,495362712059596311;D-A;5,79892671974410e-01;0,3115766153107424
Sanpablo;2;Quercus pirenaica;Dgdc;0,495362712059596311;E-A;5,31426518876795e-01;0,3115766153107424
Sanpablo;2;Quercus pirenaica;Dgdc;0,495362712059596311;E-D;9,95641417485132e-01;0,3115766153107424
Sanpablo;2;Quercus pirenaica;Hgdc;0,345586918943332488;D-A;6,06278223096705e-01;0,6868929161297498
Sanpablo;2;Quercus pirenaica;Hgdc;0,345586918943332488;E-A;3,23876500830859e-01;0,6868929161297498
Sanpablo;2;Quercus pirenaica;Hgdc;0,345586918943332488;E-D;8,33348811250470e-01;0,6868929161297498
Sanpablo;2;Quercus pirenaica;ABdc;0,119659464923587880;D-A;1,60659473502065e-01;0,1830386189975532
Sanpablo;2;Quercus pirenaica;ABdc;0,119659464923587880;E-A;1,57546104324909e-01;0,1830386189975532
Sanpablo;2;Quercus pirenaica;ABdc;0,119659464923587880;E-D;9,99869690931215e-01;0,1830386189975532
Sanpablo;2;Quercus pirenaica;Vdc;0,130310835132303238;D-A;1,72362509980541e-01;0,4422977130058269
Sanpablo;2;Quercus pirenaica;Vdc;0,130310835132303238;E-A;1,71164167841992e-01;0,4422977130058269
Sanpablo;2;Quercus pirenaica;Vdc;0,130310835132303238;E-D;9,99983347236342e-01;0,4422977130058269
Sanpablo;2;Quercus pirenaica;WdcT;0,283284992013056236;D-A;3,25234056810869e-01;0,5750519896103079
Sanpablo;2;Quercus pirenaica;WdcT;0,283284992013056236;E-A;3,60553530874107e-01;0,5750519896103079
Sanpablo;2;Quercus pirenaica;WdcT;0,283284992013056236;E-D;9,95750971032281e-01;0,5750519896103079
Sanpablo;2;P. pinaster + Q. pirenaica;Ndc;0,129037139922147909;D-A;2,75698070924707e-01;0,5595595440162514
Sanpablo;2;P. pinaster + Q. pirenaica;Ndc;0,129037139922147909;E-A;1,25001169033046e-01;0,5595595440162514
Sanpablo;2;P. pinaster + Q. pirenaica;Ndc;0,129037139922147909;E-D;8,10691578464375e-01;0,5595595440162514
Sanpablo;2;P. pinaster + Q. pirenaica;ABdc;0,000203954719244058;D-A;1,76520922765822e-03;0,4116037755621794
Sanpablo;2;P. pinaster + Q. pirenaica;ABdc;0,000203954719244058;E-A;1,75945367345887e-04;0,4116037755621794
Sanpablo;2;P. pinaster + Q. pirenaica;ABdc;0,000203954719244058;E-D;3,73815594669156e-02;0,4116037755621794
Sanpablo;2;P. pinaster + Q. pirenaica;Vdc;0,006483898369815708;D-A;2,72035856001616e-02;0,1333638280395831
Sanpablo;2;P. pinaster + Q. pirenaica;Vdc;0,006483898369815708;E-A;6,12932495809637e-03;0,1333638280395831
Sanpablo;2;P. pinaster + Q. pirenaica;Vdc;0,006483898369815708;E-D;4,06521952978137e-01;0,1333638280395831
Sanpablo;2;P. pinaster + Q. pirenaica;WdcT;0,059440780130157918;D-A;1,44750036908819e-01;0,6428366243067767
Sanpablo;2;P. pinaster + Q. pirenaica;WdcT;0,059440780130157918;E-A;5,90881172964299e-02;0,6428366243067767
Sanpablo;2;P. pinaster + Q. pirenaica;WdcT;0,059440780130157918;E-D;7,68450083200701e-01;0,6428366243067767
Sanpablo;3;Pinus pinaster;Ndc;0,000379401216851104;D-A;4,08829536302202e-03;0,3465259923570780
Sanpablo;3;Pinus pinaster;Ndc;0,000379401216851104;E-A;3,15700497312221e-04;0,3465259923570780
Sanpablo;3;Pinus pinaster;Ndc;0,000379401216851104;E-D;3,73613574940321e-02;0,3465259923570780
Sanpablo;3;Pinus pinaster;Dgdc;0,069808415639153007;D-A;3,21453264809918e-01;0,9218671838200332
Sanpablo;3;Pinus pinaster;Dgdc;0,069808415639153007;E-A;5,97594619086516e-02;0,9218671838200332
Sanpablo;3;Pinus pinaster;Dgdc;0,069808415639153007;E-D;4,26787805417619e-01;0,9218671838200332
Sanpablo;3;Pinus pinaster;Hgdc;0,926732304073637936;D-A;9,99405027450690e-01;0,6276986874507413
Sanpablo;3;Pinus pinaster;Hgdc;0,926732304073637936;E-A;9,33557264865036e-01;0,6276986874507413
Sanpablo;3;Pinus pinaster;Hgdc;0,926732304073637936;E-D;9,44839919053805e-01;0,6276986874507413
Sanpablo;3;Pinus pinaster;ABdc;0,000114683922872234;D-A;1,67936285869552e-03;0,6521253035782656
Sanpablo;3;Pinus pinaster;ABdc;0,000114683922872234;E-A;9,30800112259877e-05;0,6521253035782656
Sanpablo;3;Pinus pinaster;ABdc;0,000114683922872234;E-D;1,09894836473463e-02;0,6521253035782656
Sanpablo;3;Pinus pinaster;Vdc;0,002779306304680259;D-A;2,52795272760328e-02;0,1862499528349912
Sanpablo;3;Pinus pinaster;Vdc;0,002779306304680259;E-A;2,31308054427315e-03;0,1862499528349912
Sanpablo;3;Pinus pinaster;Vdc;0,002779306304680259;E-D;1,19838240029260e-01;0,1862499528349912
Sanpablo;3;Pinus pinaster;WdcT;0,042829231789803850;D-A;1,40961855878202e-01;0,6987132728211438
Sanpablo;3;Pinus pinaster;WdcT;0,042829231789803850;E-A;3,94528314854442e-02;0,6987132728211438
Sanpablo;3;Pinus pinaster;WdcT;0,042829231789803850;E-D;5,94935665310263e-01;0,6987132728211438
Sanpablo;3;Quercus pirenaica;Ndc;0,799809330927867101;D-A;8,00238051484066e-01;0,7813921506335153
Sanpablo;3;Quercus pirenaica;Ndc;0,799809330927867101;E-A;8,71583870548645e-01;0,7813921506335153
Sanpablo;3;Quercus pirenaica;Ndc;0,799809330927867101;E-D;9,88830904907331e-01;0,7813921506335153
Sanpablo;3;Quercus pirenaica;Dgdc;0,525659053365416296;D-A;6,91193926777404e-01;0,3337458891634266
Sanpablo;3;Quercus pirenaica;Dgdc;0,525659053365416296;E-A;5,17550201995674e-01;0,3337458891634266
Sanpablo;3;Quercus pirenaica;Dgdc;0,525659053365416296;E-D;9,48054237255921e-01;0,3337458891634266
Sanpablo;3;Quercus pirenaica;Hgdc;0,099104689387890688;D-A;2,44525317545677e-01;0,2023788068470116
Sanpablo;3;Quercus pirenaica;Hgdc;0,099104689387890688;E-A;9,35889174596954e-02;0,2023788068470116
Sanpablo;3;Quercus pirenaica;Hgdc;0,099104689387890688;E-D;7,40511689927951e-01;0,2023788068470116
Sanpablo;3;Quercus pirenaica;ABdc;0,421712322493051739;D-A;4,51126962041134e-01;0,6000508621394087
Sanpablo;3;Quercus pirenaica;ABdc;0,421712322493051739;E-A;5,21356699405781e-01;0,6000508621394087
Sanpablo;3;Quercus pirenaica;ABdc;0,421712322493051739;E-D;9,89607580120978e-01;0,6000508621394087
Sanpablo;3;Quercus pirenaica;Vdc;0,369463043634752575;D-A;4,07305772205354e-01;0,6439283687320718
Sanpablo;3;Quercus pirenaica;Vdc;0,369463043634752575;E-A;4,57765124888708e-01;0,6439283687320718
Sanpablo;3;Quercus pirenaica;Vdc;0,369463043634752575;E-D;9,93804679315042e-01;0,6439283687320718
Sanpablo;3;Quercus pirenaica;WdcT;0,503251377419087764;D-A;5,16577347122148e-01;0,7205656792709874
Sanpablo;3;Quercus pirenaica;WdcT;0,503251377419087764;E-A;6,22567998339553e-01;0,7205656792709874
Sanpablo;3;Quercus pirenaica;WdcT;0,503251377419087764;E-D;9,79670690669446e-01;0,7205656792709874
Sanpablo;3;P. pinaster + Q. pirenaica;Ndc;0,291802665052197263;D-A;4,18629645009612e-01;0,6864332153443782
Sanpablo;3;P. pinaster + Q. pirenaica;Ndc;0,291802665052197263;E-A;3,05030972746887e-01;0,6864332153443782
Sanpablo;3;P. pinaster + Q. pirenaica;Ndc;0,291802665052197263;E-D;9,59980045789870e-01;0,6864332153443782
Sanpablo;3;P. pinaster + Q. pirenaica;ABdc;0,000861203451353139;D-A;7,09377022512625e-03;0,0735302785832946
Sanpablo;3;P. pinaster + Q. pirenaica;ABdc;0,000861203451353139;E-A;7,37423085880318e-04;0,0735302785832946
Sanpablo;3;P. pinaster + Q. pirenaica;ABdc;0,000861203451353139;E-D;8,55808712638287e-02;0,0735302785832946
Sanpablo;3;P. pinaster + Q. pirenaica;Vdc;0,019390930656712022;D-A;7,09631728316323e-02;0,2948697876313459
Sanpablo;3;P. pinaster + Q. pirenaica;Vdc;0,019390930656712022;E-A;1,81382917876520e-02;0,2948697876313459
Sanpablo;3;P. pinaster + Q. pirenaica;Vdc;0,019390930656712022;E-D;5,26259207617258e-01;0,2948697876313459
Sanpablo;3;P. pinaster + Q. pirenaica;WdcT;0,107728208294364511;D-A;2,21361832501553e-01;0,7082460977672769
Sanpablo;3;P. pinaster + Q. pirenaica;WdcT;0,107728208294364511;E-A;1,08227984467101e-01;0,7082460977672769
Sanpablo;3;P. pinaster + Q. pirenaica;WdcT;0,107728208294364511;E-D;8,43683917946916e-01;0,7082460977672769
